tests,pvals,p.corrected,significant
randomforest vs lasso,2.28858486300045e-07,6.86575458900135e-07,TRUE
lasso vs elasticnet,0.149494486100539,0.448483458301617,FALSE
elasticnet vs lgbm,5.95515575429853e-06,1.78654672628956e-05,TRUE
