,bio_source,fold,best_alpha,best_l1_ratio
0,mean_te,0,0.002376471868486911,0.5
1,mean_te,1,0.003583302178980934,0.5
2,mean_te,2,0.002715592173120325,0.5
3,mean_te,3,0.0028842740126463805,0.5
4,mean_te,4,0.004108199449849377,0.5
5,mean_te,5,0.0027082788835283388,0.5
6,mean_te,6,0.0028941383697433723,0.5
7,mean_te,7,0.003141630328658614,0.5
8,mean_te,8,0.003137443706140588,0.5
9,mean_te,9,0.0031228704364758314,0.5
