,bio_source,fold,best_alpha,best_l1_ratio
0,mean_te,0,0.0012741064443040722,
1,mean_te,1,0.0017916510894904665,
2,mean_te,2,0.0013577960865601626,
3,mean_te,3,0.0014421370063231916,
4,mean_te,4,0.002054099724924688,
5,mean_te,5,0.0013541394417641692,
6,mean_te,6,0.0014470691848716874,
7,mean_te,7,0.0015708151643293068,
8,mean_te,8,0.0016820890234985704,
9,mean_te,9,0.0015614352182379155,
